﻿{"cameraMode":{"drawMode":0,"name":"Shaded","section":"Shading Mode"},"sceneLighting":true,"audioPlay":false,"sceneViewState":{"showFog":true,"showMaterialUpdate":false,"showSkybox":true,"showFlares":true,"showImageEffects":true,"showParticleSystems":true},"in2DMode":false,"pivot":{"x":0.9868541359901428,"y":-12.240673065185547,"z":-30.240142822265626},"rotation":{"x":0.0015415763482451439,"y":0.974702000617981,"z":-0.2234022319316864,"w":0.006726051215082407},"size":73.98662567138672,"orthographic":false}